Software Catalog Product,Software Catalog Website,G2 Product,G2 Website
Adaface,adaface.com,Adaface,adaface.com/talk-to-us
Aevy,aevy.com,Aevy,aevy.com/about/foremployers
AmazingHiring,amazinghiring.com/,AmazingHiring,amazinghiring.com/blog/
"AngelList Talent, Inc",angel.co,AngelList,angel.co/jobs
Asurint,asurint.com,Asurint Background Screening Solutions,asurint.com/solutions
BambooHR,bamboohr.com/,BambooHR,bamboohr.com/tour.php
Beamery,beamery.com,Beamery,beamery.com/software/talent-crm
Bitium,bitium.com,Bitium,bitium.com/site/product/federation/
BountyJobs,bountyjobs.com/,BountyJobs,bountyjobs.com/#main
Broadbean,broadbean.com/,Broadbean,broadbean.com
Cammio,cammio.com,Cammio,cammio.com/
Cangrade,cangrade.com/,Cangrade,cangrade.com/pre-employment-assessment
Canvas,gocanvas.io,Canvas,canvaslms.com/k-12/
CareerBuilder Employment Screening,aurico.com,CareerBuilder Employment Screening,hiring.careerbuilder.com/employment-screening
Certn,certn.co,Certn,certn.co/
Choice Screening,choicescreening.com,Choice Screening,choicescreening.com/background-screening
Classmarker,classmarker.com,ClassMarker,classmarker.com/online-testing/how-to-create-online-quiz/
Clinch.io,Clinch.io,Clinch,clinch.io/
CloserIQ,closeriq.com,CloserIQ,closeriq.com/employers
Coda,coda.io,Coda,panic.com/coda/
"Codeground [Reg as ""Abyeti tech private limited""]",codeground.in,CodeGround,codeground.in
CodeSignal,codefights.com,CodeSignal,codesignal.com/recruiter/
Codeity,codeity.com,Codeity,codeity.com/companies
Coderpad.io,coderpad.io,CoderPad,coderpad.io/features
Codility,codility.com,Codility,codility.com/assess
Connectifier,connectifier.com,Connectifier,connectifier.com/about
ConveyIQ,taketheinterview.com,ConveyIQ,conveyiq.com/solutions/talent-communication-platform/
Crosschq,crosschq.com,Crosschq,crosschq.com/product/
Crowded,crowded.com,Crowded.com,crowded.com
Devskiller,devskiller.com,Devskiller,devskiller.com/features/
DoSelect,doselect.com/,DoSelect,doselect.com/coding-tests-recruitment
DocuSign Inc.,docusign.com,DocuSign,docusign.com/products/electronic-signature
Drafted,drafted.us,Drafted,explore.drafted.us
"Dropbox, Inc.",dropbox.com,Dropbox,dropbox.com/
Employee Cycle,employeecycle.com,EmployeeCycle,demo.employeecycle.com/sample
Enboarder,enboarder.com,Enboarder,enboarder.com/how-it-works/
Entelo,entelo.com,Entelo,entelo.com/outbound/
Expensify,expensify.com,Expensify,use.expensify.com/feature-list/
Fetcher (formerly Scout),usescout.com/,Fetcher (Formerly Scout),fetcher.ai/about
FiiLTER,ciivsoft.com/fiilter/,FiiLTER,ciivsoft.com/fiilter/
Filtered,filtered.com/,Filtered,filtered.com
Finalist Corporation,finalist.io,Finalist,pitneybowes.com/us/customer-information-management/data-quality/finalist.html
firstbird,firstbird.com/,Firstbird,firstbird.com/en/features/
Fivetran,fivetran.com,Fivetran,fivetran.com/overview
FlexJobs,flexjobs.com,FlexJobs,flexjobs.com/About.aspx
Flock,helloflock.com/,Flock,flock.com/pricing/
Fluent IQ,fluentscientific.com,FluentIQ,fluentiq.com/organisations/
Fortay,fortay.co/,Fortay,fortay.co/company
SHL (Formerly CEB is now Gartner),cebglobal.com,Gartner,gartner.com/technology/home.jsp
Geektastic,codesse.com,Geektastic,geektastic.com/hirers
Glassdoor,glassdoor.com,Glassdoor,glassdoor.com/index.htm
Glider.ai,glider.ai/,Glider,glider.ai/solutions-multiple/
GoodTime,goodtime.io,GoodTime,goodtime.io/features
HR Cloud,hrcloud.com,HR Cloud,hrcloud.com/software-pricing-and-program-trials
HackerRank,hackerrank.com,HackerRank,hackerrank.com/work
Harver,harver.com,Harver,harver.com/software/
HireArt,hireart.com,HireArt,hireart.com/
HireRight,hireright.com,HireRight,hireright.com/solutions/
HireVue,hirevue.com,HireVue,hirevue.com/products
Gogo Hire,gogohire.com,Hired,hired.com/employers
Empirical Hire,empiricalhire.com,Hired,hired.com/employers
Turbo Hire,turbohire.co,Hired,hired.com/employers
Optimize Hire,optimizehire.com/,Hired,hired.com/employers
GoodHire,goodhire.com,Hired,hired.com/employers
Hiretual,hiretual.com,Hiretual,hiretual.com/business/ai-recruiting-solution
HiringSolved,hiringsolved.com,HiringSolved,hiringsolved.com/product
HumanPredictions,humanpredictions.io/,Humanpredictions,humanpredictions.io/
Humantelligence Inc.,humantelligence.com,Humantelligence,d-teck.com/pages/customized-solutions
Hundred5 OÃœ,hundred5.com,Hundred5,hundred5.com/
Watson Candidate Assistant,ibm.com/talent-management/candidate-assistant,IBM Watson Candidate Assistant,ibm.com/talent-management/candidate-assistant
InHerSight,inhersight.com,InHerSight,inhersight.com/companies/best
Indeed.com,indeed.com,Indeed,indeed.com/hire/employer-products
InfoMart,infomart-usa.com/,InfoMart,infomart-usa.com/index.html
Interseller,interseller.io,Interseller,interseller.io/features/source/
Interview Mocha,interviewmocha.com,Interview Mocha,interviewmocha.com/features-skill-tests
Interview Schedule,interviewschedule.com,Interview Schedule,interviewschedule.com/signup/
JamieAi,jamieai.com,JamieAi,jamieai.com/employers/
JobTarget,jobtarget.com,JobTarget,jobtarget.com/job-posting-distribution
Jobbatical,jobbatical.com,Jobbatical,jobbatical.com/hiring/
Jobbio,jobbio.com,Jobbio,jobbio.com/how-it-works-company
Jobma,jobma.com,Jobma,jobma.com/employer
Joonko,jooonko.co,Joonko,joonko.co/about/
Journey,journey.hr/,Journey,journey.hr/product/
JumpCloud,jumpcloud.com,JumpCloud,jumpcloud.com/daas-product/
Jumpstart,jumpstart.me,Jumpstart,senseiprojectsolutions.com/solutions/jumpstart/
Juro,juro.io,Juro,juro.com
Ladders,theladders.com,Ladders,theladders.com/
Landing.Jobs,LandingJobs.com,Landing.jobs,landing.jobs/employers#how-it-works
Linkedin,linkedin.com,LinkedIn Talent,business.linkedin.com/talent-solutions
Lytmus,lytmus.io,Lytmus,lytmus.io/take_home
Mixmax,mixmax.com,Mixmax,mixmax.com/about/#
MoBerries,moberries.com,MoBerries,moberries.com/companies
Moonshot Insights,moonshotinsights.io/,Moonshot Insights,moonshotinsights.io/
My Ally,skedool.it,My Ally,myally.ai/features/
Namely,namely.com,Namely,namely.com/tour/
NexTravel,nextravel.com,NexTravel,nextravel.com/intro
NextWave Hire,nextwavehire.com/,NextWave Hire,nextwavehire.com/
OfferZen,offerzen.com,OfferZen,offerzen.com/employers
Okta,okta.com,Okta,okta.com/products/single-sign-on/
One Model,onemodel.co,One Model,onemodel.co/
OneLogin,onelogin.com,OneLogin,onelogin.com/product
OneWire,onewire.com,OneWire,portal.onewire.com/Post/Guest/PostAndSearch
Onfido,onfido.com,Onfido,onfido.com/product/
Opus AI,opusai.co/,Opus AI,opusai.co/candidate-screening/
Param.ai,param.ai,Param,param.ai/product/overview/
PayScale,payscale.com,PayScale,payscale.com/hr/product-insight-expert
People HR,peoplehr.com/,People HR,peoplehr.com/hr_software.html
Periodix,periodix.net,Periodix,periodix.net
Personably,personably.co,Personably,personably.co/about
Piazza,piazza.com,Piazza,piazza.com/product/overview
Planted,planted.com/,Planted,planted.com
Pomello,pomello.com/,Pomello,pomello.com/product?locale=en
PowerToFly,powertofly.com,PowerToFly,powertofly.com
Hired Assessments (formerly Py for Work),getpy.com,Py for Work,getpy.com/challenges
Qualified.io,qualified.io,Qualified.io,qualified.io/assessments
ROIKOI,roikoi.com,ROIKOI,roikoi.com/diversity/
Recruitifi,recruitifi.com,RecruitiFi,recruitifi.com/recruiter
Recruitics,recruitics.com,Recruitics,recruitics.com/
LaunchPad Recruits,launchpadrecruits.com,Recruitics,recruitics.com/
Recruiting.com,recruiting.com,Recruiting.com,recruiting.com/solutions/small-medium-business/
Relocate.me,relocate.me,Relocate.me,relocate.me/
Remote Interview,remoteinterview.io,Remote Interview,remoteinterview.io/features-test
Employment Screening Resources - ESR,esrcheck.com/,Resource,resource.io/company/
Resource,getresource.io,Resource,resource.io/company/
Restless Bandit,restlessbandit.com,Restless Bandit,restlessbandit.com/talent-discovery
Rippling,rippling.com,Rippling,rippling.com/pricing
RolePoint,rolepoint.com,RolePoint,rolepoint.com/employee-referrals.html
SAASPASS,saaspass.com,SAASPASS - Security that doesn't get in the way,saaspass.com/pricing/
Saberr,saberr.com,Saberr,saberr.com/about
Scoutible,scoutible.com,Scoutible,scoutible.com/howitworks
SeekOut,seekout.io,SeekOut,seekout.io/solutions/talent-sourcing
SkillSurvey,skillsurvey.com,SkillSurvey,skillsurvey.com
"Slack Technologies, Inc.",slack.com,Slack,slack.com/features
SmartDreamers,smartdreamers.com,SmartDreamers,smartdreamers.com/talent-acquisition-power-tools
Spark Hire,sparkhire.com,Spark Hire,sparkhire.com/
Hired,hired.com,Spark Hire,sparkhire.com/
Splash,splashthat.com,Splash,splashthat.com/product
Starred,starred.com,Starred,starred.com
StepStone,stepstone.de/,Stepstone,stepstone.com/about-stepstone/
SwoopTalent,swooptalent.com,Swoop Talent,swooptalent.com/#!social-talent-sourcing/ciq7
TTI Success Insights,ttisuccessinsights.com,TTI Success Insights,ttisuccessinsights.com/
Tabnex Inc.,tabnex.com,Tabnex,tabnex.com/talent-enrichment
Talentbin,talentbin.com,TalentBin,talentbin.com/features
Talview,talview.com,Talview,talview.com/
Talytica,talytica.com,Talytica,talytica.com/pricing/
TapRecruit,taprecruit.co,TapRecruit Smart Salary Estimates,taprecruit.co/smart-salary/
Tazio,tazio.co.uk/,Tazio,tazio.co.uk/products.php
Teamable,teamable.com,Teamable,teamable.com/how-it-works/
TestDome,testdome.com/,TestDome,testdome.com/tour
TextUs,textus.com,TextUs,textus.com/features/
The Hire Talent,thehiretalent.com,The Hire Talent,TheHireTalent.com
The Predictive Index,predictiveindex.com,The Predictive Index,predictiveindex.com/workforce-assessment-software
TopFunnel,topfunnel.co,TopFunnel,topfunnel.co/central
TripleByte,triplebyte.com,Triplebyte,triplebyte.com/company
Twitter,careers.twitter.com,Twitter,twitter.com
Uncubed,uncubed.com,Uncubed,uncubedspace.com/
Underdog.io,underdog.io,Underdog.io,underdog.io/companies
Universal Background Screening,universalbackground.com,Universal Background Screening,universalbackground.com/services/
Upsider,upsider.co,Upsider,upsider.co
Verified First,verifiedfirst.com,Verified First,verifiedfirst.com/background-screening.html
Vervoe,vervoe.com,Vervoe,vervoe.com/features
Vettd,vettd.com,Vettd,vettd.com/platform
Vettery,vettery.com,Vettery,vettery.com/
VidCruiter,vidcruiter.com/,VidCruiter,vidcruiter.com/video-interviewing
Visage,visage.co,Visage,visage.co/product/
WayUp,campusjob.com,WayUp,wayup.com/
WhiteTruffle,whitetruffle.com,Whitetruffle,whitetruffle.com/employers/
Facebook,facebook.com/careers,Workplace by Facebook,facebook.com/workplace
Yello,yello.co,Yello,yello.co/recruitment-software/
Zapier,zapier.com,Zapier for G Suite,gsuite.google.com/marketplace/app/zapier/927538837578
Zenefits,zenefits.com,Zenefits,zenefits.com/platform/
Zinc,zinc.work/,Zinc,zinc.it/
eSkill,eskill.com,eSkill Skills Testing,eskill.com/our-product/pre-employment-skills-testing/
Interviewing.io,interviewing.io,interviewing.io,interviewing.io/employers
pymetrics,pymetrics.com,pymetrics,pymetrics.com
